,Id,y
0,10000,-66.00242349023148
1,10001,451.4065044011542
2,10002,-461.6764170602988
3,10003,40.501208753723525
4,10004,-126.74472245403732
5,10005,-342.53455181925136
6,10006,-396.55554211358924
7,10007,335.541279079087
8,10008,-99.51242087062413
9,10009,304.8125398062758
10,10010,68.89453048978528
11,10011,412.36919545590774
12,10012,54.94237102476813
13,10013,-17.005550754779833
14,10014,-597.8499575722607
15,10015,443.50228878641497
16,10016,144.77448697804337
17,10017,-57.41116367253693
18,10018,134.3878275774617
19,10019,-108.98377598910903
20,10020,153.8248284250672
21,10021,611.7359836022022
22,10022,588.3896503384219
23,10023,-131.01679995801976
24,10024,-61.135621141229485
25,10025,-374.2484953169723
26,10026,74.15799307965403
27,10027,137.43837873610389
28,10028,420.0866117967904
29,10029,196.7656257134432
30,10030,268.4428498005324
31,10031,638.4749102511093
32,10032,127.37873138691938
33,10033,1.349118758400159
34,10034,22.710453177407608
35,10035,342.23953452256507
36,10036,307.70396697417175
37,10037,348.13820870093997
38,10038,-168.65286130735424
39,10039,-20.221130904617347
40,10040,-551.7499275731108
41,10041,-429.9718040667404
42,10042,261.8919587067436
43,10043,389.82042612922083
44,10044,-96.16562227356556
45,10045,-210.71080125632488
46,10046,278.8818687840115
47,10047,-427.45330103104914
48,10048,-172.90325291756758
49,10049,467.2643783557854
50,10050,-631.5587355874394
51,10051,-355.5316593381781
52,10052,143.1732755386039
53,10053,69.19920259894175
54,10054,275.588273976726
55,10055,-263.18861220410287
56,10056,167.4983072324124
57,10057,104.5778958901421
58,10058,230.07008661007617
59,10059,20.988026644576493
60,10060,-4.82258126250195
61,10061,-201.92294081063716
62,10062,560.0639265657703
63,10063,55.288476252448994
64,10064,671.301574691834
65,10065,-493.7487382852287
66,10066,-279.3530367325917
67,10067,-53.712527613147564
68,10068,379.6981955009754
69,10069,315.071410857982
70,10070,169.13001732614282
71,10071,-271.5993032690109
72,10072,783.8022226750343
73,10073,44.5773115155483
74,10074,57.40678005457789
75,10075,-161.07827414306803
76,10076,-220.66957847885772
77,10077,223.24129442929132
78,10078,352.66559554375453
79,10079,13.16329136626609
80,10080,-461.99414698573094
81,10081,305.37214669142344
82,10082,-230.59656173861063
83,10083,359.07444324254396
84,10084,-430.2605633759209
85,10085,-115.54882205546237
86,10086,-88.96006387867381
87,10087,-488.29018980804216
88,10088,-139.35033854713578
89,10089,57.33880810852699
90,10090,-190.33624272166432
91,10091,-6.508092914824954
92,10092,189.29107774701836
93,10093,346.60367818565555
94,10094,871.6273206485904
95,10095,-147.01353738653842
96,10096,443.4899377794303
97,10097,-30.498432974437087
98,10098,185.46345753445945
99,10099,-119.91717151732786
100,10100,43.575238001807875
101,10101,58.3185715522442
102,10102,-197.1524682983979
103,10103,-70.47160678841229
104,10104,-342.846053288667
105,10105,-29.233589873716852
106,10106,49.52292929610393
107,10107,-16.246144137912783
108,10108,33.775069261607634
109,10109,-68.88307748324098
110,10110,25.863399493696438
111,10111,-617.3142842716956
112,10112,-185.90441301194898
113,10113,323.7831061093865
114,10114,-35.66219572212758
115,10115,-733.5297711613838
116,10116,-240.73856264736065
117,10117,-381.9731466242491
118,10118,75.31994462169472
119,10119,36.61032645911755
120,10120,-28.756270225023105
121,10121,-481.1606279685885
122,10122,408.85023042298894
123,10123,-765.0217471991634
124,10124,178.07269651637077
125,10125,-7.649879385672937
126,10126,134.79684623375888
127,10127,-477.45851421287006
128,10128,-248.7062530132362
129,10129,-361.8846572238633
130,10130,-18.755611748554347
131,10131,7.795604374434163
132,10132,-109.10598972538385
133,10133,-63.07374524219436
134,10134,591.8231837349158
135,10135,259.61263369662834
136,10136,-279.8658320087676
137,10137,93.22535940051846
138,10138,-427.28731541913544
139,10139,84.38656633089775
140,10140,-311.544630644156
141,10141,11.419268612560936
142,10142,-297.83146842358497
143,10143,-331.9289709686432
144,10144,656.0132305257309
145,10145,-476.66268136505374
146,10146,361.19404513377435
147,10147,-150.18526861192294
148,10148,299.94671902432475
149,10149,-191.7214321927071
150,10150,151.94999511612005
151,10151,-64.67275781576498
152,10152,351.2448616306335
153,10153,-370.63644575627245
154,10154,349.22498178611113
155,10155,273.5246096168013
156,10156,783.1971843196872
157,10157,-124.23788973574001
158,10158,-155.22004432990857
159,10159,-506.95564938641064
160,10160,201.69321238561554
161,10161,-415.1740571596367
162,10162,-348.1651051695652
163,10163,-201.95224108680986
164,10164,-658.9504470533375
165,10165,179.34640168171498
166,10166,124.06925816168743
167,10167,-209.1502535520178
168,10168,213.70513477400561
169,10169,-82.11721023808927
170,10170,-97.11026989726909
171,10171,124.26800574647987
172,10172,50.289915657142835
173,10173,538.7439592813367
174,10174,630.0175345543369
175,10175,217.25927782654364
176,10176,-491.7337413267081
177,10177,-131.14175113883334
178,10178,362.39302241729376
179,10179,-14.363038055408214
180,10180,-30.261757361676402
181,10181,-107.32358076729906
182,10182,-334.0625929296718
183,10183,299.5063996464323
184,10184,-103.47221484505378
185,10185,179.8204994671941
186,10186,122.20070887900691
187,10187,86.58037161690655
188,10188,386.4825605669921
189,10189,-613.3611745045823
190,10190,-269.81638738346226
191,10191,260.7314512622862
192,10192,-44.620161280427276
193,10193,-159.15717576416824
194,10194,-145.24559879357525
195,10195,447.22821487600055
196,10196,476.3569859695944
197,10197,121.79421345327215
198,10198,-1.5356790561065272
199,10199,410.7440965387809
200,10200,90.82809979964729
201,10201,150.07336956845086
202,10202,24.03365296154727
203,10203,273.8866340536297
204,10204,-154.52926038025086
205,10205,42.588901507065394
206,10206,617.3417063168565
207,10207,38.93936076142891
208,10208,-91.436101194904
209,10209,225.35327477391135
210,10210,151.05827577085637
211,10211,-86.91664773646008
212,10212,-101.71788958007282
213,10213,161.9377650260551
214,10214,357.87041410354493
215,10215,32.14597818655478
216,10216,-379.1453992002923
217,10217,-165.94213222367202
218,10218,257.4539216945413
219,10219,-124.83850779184137
220,10220,47.08451472299197
221,10221,-67.05065138980233
222,10222,287.1733441341641
223,10223,836.267427770162
224,10224,-78.73329260205603
225,10225,-293.00922915219417
226,10226,284.9163264622561
227,10227,377.9514320082282
228,10228,-473.9426195897224
229,10229,-538.8094549766041
230,10230,-372.9047504031878
231,10231,-83.37700889968741
232,10232,157.4620595191122
233,10233,167.50291456151075
234,10234,-105.6904057431961
235,10235,561.1616879176283
236,10236,-149.3553189574685
237,10237,196.96680512352273
238,10238,-33.81991172758034
239,10239,5.199419882337743
240,10240,-121.70842296063265
241,10241,53.473579817378386
242,10242,531.2918938411243
243,10243,-157.60262258937658
244,10244,-183.77196239261198
245,10245,643.832246425663
246,10246,17.780306010129554
247,10247,-92.07939719460204
248,10248,485.49316460507566
249,10249,-221.23657860793935
250,10250,490.6065050484622
251,10251,-43.677159154249956
252,10252,139.93322987117654
253,10253,207.50447442761123
254,10254,17.09264702435969
255,10255,-396.4720331605291
256,10256,-168.30166761529165
257,10257,-75.59324100124444
258,10258,-292.073507800769
259,10259,-59.37366534663271
260,10260,247.36904706438443
261,10261,206.83112758185624
262,10262,17.46246446407962
263,10263,-181.8114850065699
264,10264,300.1761509454862
265,10265,-567.638724795588
266,10266,311.5932728526352
267,10267,-9.929511835493011
268,10268,161.4078230454782
269,10269,272.3855992297233
270,10270,55.12245741942547
271,10271,-15.278267412197394
272,10272,286.40230194290245
273,10273,387.8886119434746
274,10274,-148.5788886363862
275,10275,171.95235244839594
276,10276,-411.5705922226785
277,10277,213.80253827075197
278,10278,133.93002437371678
279,10279,-99.01717750124169
280,10280,-162.4172422455821
281,10281,-39.07419011347845
282,10282,-295.1584521832392
283,10283,141.32481354359587
284,10284,163.0598300533455
285,10285,-55.455401462417434
286,10286,-145.74067609352176
287,10287,16.350462436354352
288,10288,-364.29855848282796
289,10289,558.6630187376718
290,10290,40.050661219007075
291,10291,67.63734504296997
292,10292,559.8400846554664
293,10293,469.8069471574159
294,10294,-149.49980105452968
295,10295,-328.82278669969565
296,10296,425.7713170466744
297,10297,85.50466241179438
298,10298,-166.91553705584954
299,10299,-662.2984070393492
300,10300,50.28039165300318
301,10301,-11.355718332961402
302,10302,-451.8112644495307
303,10303,78.67283313413093
304,10304,-386.81879991735644
305,10305,-273.22738305237175
306,10306,352.0150454400219
307,10307,-263.84804091810224
308,10308,-214.7302229936118
309,10309,-84.88115489738456
310,10310,745.883279125422
311,10311,-418.97510845227436
312,10312,739.1991251661941
313,10313,-469.07742635294767
314,10314,481.82984486567113
315,10315,363.2079747874401
316,10316,-270.2530418207193
317,10317,-399.59212471613193
318,10318,234.45728030706417
319,10319,-38.73469357032715
320,10320,238.3687487185071
321,10321,28.697441990182963
322,10322,238.23095785965324
323,10323,-130.00744030000075
324,10324,-681.2945617788492
325,10325,61.580652959542945
326,10326,-444.9298506709593
327,10327,-14.713208392840452
328,10328,680.4767823428566
329,10329,288.73260649376476
330,10330,839.9704901556715
331,10331,416.65747651917985
332,10332,167.35603728915717
333,10333,-86.77953786706836
334,10334,332.7699676004367
335,10335,-201.33443093425336
336,10336,-43.62508298784126
337,10337,-107.90237779609711
338,10338,-284.03573802517076
339,10339,232.6085571783261
340,10340,237.83315171540005
341,10341,74.39980567720272
342,10342,255.51770406364568
343,10343,-168.64961928561016
344,10344,68.56334601628969
345,10345,-365.4419817252605
346,10346,189.70649886094594
347,10347,-369.8332497667088
348,10348,-250.90024390237843
349,10349,76.3135501962323
350,10350,-344.94550923377625
351,10351,-187.4233932681259
352,10352,482.1697569825214
353,10353,125.75266972885969
354,10354,450.69194375218575
355,10355,216.17619018208163
356,10356,34.34193571930466
357,10357,57.511455961215525
358,10358,-211.419498947127
359,10359,49.7624918094931
360,10360,76.11104020758415
361,10361,-29.196254490440577
362,10362,33.04895852873728
363,10363,364.5627121630999
364,10364,234.48280987315144
365,10365,-21.79655485909054
366,10366,-476.93787704780027
367,10367,43.567658993046905
368,10368,-310.95721366516955
369,10369,-46.941116226037394
370,10370,181.19558107133582
371,10371,-214.9624298200717
372,10372,-80.22706031522192
373,10373,841.2082291657366
374,10374,102.35678708587027
375,10375,37.297738046881726
376,10376,77.39818275960266
377,10377,435.7945214936919
378,10378,111.39479265155677
379,10379,-128.8292241538746
380,10380,573.0501210583955
381,10381,48.602468077910956
382,10382,-68.55414659218822
383,10383,56.68162450583066
384,10384,-360.3099319994399
385,10385,131.90192283450418
386,10386,-264.52589763343013
387,10387,-378.7932497249925
388,10388,-190.0992925997664
389,10389,862.9152130409615
390,10390,159.57649666231083
391,10391,514.0204635801454
392,10392,61.38766780340702
393,10393,720.8758958326583
394,10394,-450.97673103980213
395,10395,105.89444211999731
396,10396,-27.532603044002975
397,10397,-23.43556196677057
398,10398,331.205998294946
399,10399,-156.02456394824114
400,10400,0.9477018385602051
401,10401,17.23240516531973
402,10402,143.23908417021264
403,10403,53.22645139074688
404,10404,41.01334926979471
405,10405,-129.3925514683474
406,10406,430.91652104593015
407,10407,-427.9096196573564
408,10408,49.11400485209165
409,10409,-221.6475803891877
410,10410,-313.75971218685004
411,10411,115.24452244706916
412,10412,96.10097204453513
413,10413,-399.91598494242095
414,10414,-8.411407923562908
415,10415,733.1841324374689
416,10416,-332.42676649165077
417,10417,83.67612042194322
418,10418,339.7927486554424
419,10419,-35.11570131451475
420,10420,38.20433543387805
421,10421,-606.1984890559306
422,10422,194.27285338946152
423,10423,155.0315511615824
424,10424,-111.25647787348342
425,10425,-63.339371636515786
426,10426,403.93581872896357
427,10427,690.9194303358602
428,10428,75.78129943644996
429,10429,-340.31540652357575
430,10430,-195.76159542697926
431,10431,40.44513870875591
432,10432,-137.65418796029329
433,10433,-95.67479658954453
434,10434,290.84353787250285
435,10435,568.4646813472779
436,10436,351.2186507540755
437,10437,194.71516658168318
438,10438,-312.1508420871933
439,10439,-518.310786872448
440,10440,-80.75158048061355
441,10441,-109.91053830578527
442,10442,491.41083647519605
443,10443,371.4851448604937
444,10444,343.8566446684358
445,10445,114.60785397368369
446,10446,-315.2044219098831
447,10447,83.10396509307007
448,10448,-82.5991510177415
449,10449,-182.2190272252756
450,10450,-294.9172924513039
451,10451,-294.2105553148694
452,10452,611.5470417356518
453,10453,-34.75613410359228
454,10454,-115.04157690057801
455,10455,263.2793379023764
456,10456,346.0565120928381
457,10457,194.6116152691101
458,10458,257.3561496384939
459,10459,-303.20809492711516
460,10460,-173.1959108570594
461,10461,-88.53983448578464
462,10462,137.60161200011277
463,10463,337.0486492780657
464,10464,155.72523460362714
465,10465,-250.29079290523836
466,10466,148.06340015143527
467,10467,333.6821886093775
468,10468,-260.3363923834257
469,10469,340.30790922791437
470,10470,224.68535571269567
471,10471,-607.2797170619311
472,10472,-54.859592940918574
473,10473,-685.0910817258431
474,10474,268.258270778594
475,10475,108.7974356338843
476,10476,-233.16761717272053
477,10477,115.89088157850274
478,10478,75.28875461498413
479,10479,312.5869539403422
480,10480,78.42590704679516
481,10481,-509.63079643958287
482,10482,142.15294578474635
483,10483,-567.6096744598842
484,10484,99.19784411013032
485,10485,181.76569364680964
486,10486,-27.407098394357995
487,10487,-646.8210508159751
488,10488,-261.6328162502989
489,10489,-398.8768891978151
490,10490,-259.4107520561835
491,10491,-252.0574035679907
492,10492,-25.64796722733177
493,10493,-479.35794942314175
494,10494,109.91068619021902
495,10495,161.94257969113937
496,10496,-436.8071742397547
497,10497,-66.01220442256805
498,10498,-73.60538265407145
499,10499,51.00273944619431
500,10500,7.609681032164085
501,10501,-38.39048673108292
502,10502,493.5959706069284
503,10503,-303.44908054448643
504,10504,285.3630587606861
505,10505,236.93082121946264
506,10506,-112.90288738209138
507,10507,-104.9163970540466
508,10508,70.11071172015242
509,10509,-334.402180774618
510,10510,-526.1520613513322
511,10511,26.695126681540415
512,10512,16.625076878907127
513,10513,-282.6239186862393
514,10514,-156.76438922324857
515,10515,-368.70385240105554
516,10516,87.26698388397355
517,10517,9.621961449394073
518,10518,159.3385543339496
519,10519,737.8354361900718
520,10520,-63.525614896837965
521,10521,253.39234540406812
522,10522,-195.47926226047974
523,10523,-233.60406275700606
524,10524,672.0430027603303
525,10525,161.02647811633997
526,10526,-86.92388588378194
527,10527,767.4499376317866
528,10528,300.1434547015425
529,10529,-264.63326212053096
530,10530,506.80692249836716
531,10531,413.7325757860616
532,10532,-227.95565420458612
533,10533,270.72182191824726
534,10534,166.27214538843157
535,10535,467.83594699529925
536,10536,691.0141927413325
537,10537,-235.19550162577534
538,10538,-204.49475633783675
539,10539,235.56549902566968
540,10540,481.50822898950173
541,10541,-404.286371626173
542,10542,499.6345988790224
543,10543,-280.4236242835596
544,10544,349.63535701277453
545,10545,56.27921855932689
546,10546,377.7838241995527
547,10547,58.23929412508223
548,10548,424.29981217464814
549,10549,85.8004124415472
550,10550,-252.99288852458955
551,10551,172.86784495502025
552,10552,-190.10660020571441
553,10553,306.96428652366944
554,10554,-179.11766493342324
555,10555,-155.7759049400493
556,10556,-208.75257057910835
557,10557,-257.42597802041763
558,10558,-187.88708045784364
559,10559,178.95968589803115
560,10560,769.2994246067657
561,10561,131.45400495646223
562,10562,-86.3360584772555
563,10563,-440.78969412879826
564,10564,522.2063378416921
565,10565,74.26044537058917
566,10566,-273.3451908082482
567,10567,23.8854832027222
568,10568,-140.88619011673765
569,10569,337.4418933254648
570,10570,63.42512024403124
571,10571,-78.12104360563944
572,10572,-209.41596150610687
573,10573,-354.30221699579005
574,10574,261.549589407273
575,10575,252.7847530350219
576,10576,415.332793496398
577,10577,-341.41062177496303
578,10578,-101.54306561728971
579,10579,-82.98003734434717
580,10580,-146.19185945083004
581,10581,-400.9570095088507
582,10582,114.68810161530729
583,10583,-318.409449172841
584,10584,-27.128651113151125
585,10585,253.3920635503232
586,10586,-15.161597235909827
587,10587,490.2763101566977
588,10588,67.16055415516004
589,10589,-583.653630160663
590,10590,566.8292227808813
591,10591,-659.784020611342
592,10592,-280.3445865766315
593,10593,-618.484957603464
594,10594,-403.08152177208245
595,10595,52.580795867776175
596,10596,154.13724781790583
597,10597,-187.1872458864604
598,10598,45.064322864018784
599,10599,389.86980245897604
600,10600,497.4944277009734
601,10601,-172.6046614569694
602,10602,-199.48804830691162
603,10603,146.33213540458803
604,10604,-745.9314211823645
605,10605,-230.9357823467959
606,10606,-157.7376882351052
607,10607,170.55585672160757
608,10608,58.52819579127383
609,10609,21.778235377083494
610,10610,-33.84543238859574
611,10611,527.0115321450178
612,10612,370.35979324782096
613,10613,-83.7088492933671
614,10614,-297.8667818275178
615,10615,379.6300416409046
616,10616,-194.4998186788643
617,10617,-59.081154239240654
618,10618,-59.050741456086094
619,10619,-265.79533104064166
620,10620,-488.3242148449636
621,10621,-28.133316815096805
622,10622,-110.89724251663921
623,10623,642.5198198743141
624,10624,-25.104958245575265
625,10625,368.27465472014563
626,10626,274.7992135270418
627,10627,416.52612933638454
628,10628,110.57324867984289
629,10629,561.3783520521667
630,10630,497.1437621157761
631,10631,-201.6098773445089
632,10632,-370.0522982615885
633,10633,731.0573724235978
634,10634,-380.137079155169
635,10635,-200.6025155052091
636,10636,272.0860118937548
637,10637,269.8405899107627
638,10638,-243.56399508534585
639,10639,-80.64209434586854
640,10640,-467.9770128985551
641,10641,384.10330917171314
642,10642,-158.5146407643825
643,10643,-321.14290897908086
644,10644,-72.30709812158385
645,10645,244.8965010486309
646,10646,-111.76687989927566
647,10647,-71.30354161628658
648,10648,-97.14900534513902
649,10649,387.9928529444626
650,10650,134.07976082545434
651,10651,-372.7245397183444
652,10652,-153.8973489141061
653,10653,376.05572467830666
654,10654,-45.06699972728192
655,10655,29.111024201616917
656,10656,-164.3884137139246
657,10657,291.38028755702356
658,10658,-389.642908989246
659,10659,-145.45381366072783
660,10660,276.5061419927243
661,10661,-134.0938109171899
662,10662,82.9481115548113
663,10663,143.77337061052742
664,10664,230.85377823040852
665,10665,649.8980469913477
666,10666,188.10011410399233
667,10667,170.77221614376225
668,10668,-533.847484479048
669,10669,-516.1349688253705
670,10670,-356.78697467216574
671,10671,480.90374320564814
672,10672,-54.5359929616759
673,10673,-272.6605720403805
674,10674,-89.16369341976701
675,10675,-97.40004082496068
676,10676,-264.2980377506265
677,10677,-558.8516759610407
678,10678,-18.223173989822975
679,10679,238.68337858798014
680,10680,-107.49682687897631
681,10681,-439.73714969227404
682,10682,-366.08737762044956
683,10683,540.4744022919008
684,10684,-335.9192295399891
685,10685,128.9848136466242
686,10686,-360.4650592778839
687,10687,-211.0145865681996
688,10688,115.70383605399668
689,10689,-723.633356224772
690,10690,380.8939221056091
691,10691,24.300969805755177
692,10692,-145.38761452740934
693,10693,-157.2829561785387
694,10694,134.10336003672992
695,10695,215.957100771162
696,10696,-310.2061637343895
697,10697,18.018883693842863
698,10698,-287.16969472965854
699,10699,-244.82888943623882
700,10700,-126.15190632103017
701,10701,-276.85103369720116
702,10702,-63.9028231953838
703,10703,-268.29074198436484
704,10704,80.99060618707647
705,10705,135.4919764914785
706,10706,265.86171737073624
707,10707,290.15338931857417
708,10708,72.85750706987604
709,10709,-88.64501838284377
710,10710,-562.5238017086112
711,10711,-257.9685916645924
712,10712,-88.32818773227605
713,10713,-608.9048913545774
714,10714,16.6481298468671
715,10715,-117.99664144508851
716,10716,244.48813585825107
717,10717,60.96132064652626
718,10718,640.8504726114271
719,10719,15.073592658662248
720,10720,135.00644430477345
721,10721,39.52337453323226
722,10722,86.44560574134243
723,10723,20.337654615455122
724,10724,217.44242023197987
725,10725,-8.574845990247828
726,10726,172.39758731739968
727,10727,-326.0037487732902
728,10728,347.58134072403794
729,10729,128.95803909114605
730,10730,-379.7500886129533
731,10731,-134.70695705662553
732,10732,153.56888514342344
733,10733,-72.12278608897051
734,10734,183.30848830572705
735,10735,-456.5387761913793
736,10736,152.27530162599632
737,10737,-20.658280599070572
738,10738,245.6223283546588
739,10739,776.4009728233559
740,10740,-320.14345296022515
741,10741,-479.3197082847776
742,10742,-69.75434860290834
743,10743,-372.0104531960516
744,10744,397.28224738180825
745,10745,94.97293025154049
746,10746,-545.870093984976
747,10747,92.7173308480334
748,10748,456.62324679869704
749,10749,140.33519629203968
750,10750,-542.6167845034425
751,10751,33.25617847305581
752,10752,237.54555311936633
753,10753,-260.51478060377383
754,10754,-227.7411780489452
755,10755,-18.374207944644304
756,10756,357.23207935779044
757,10757,234.16866322379468
758,10758,309.0494908647159
759,10759,109.41620907267846
760,10760,297.0462771953379
761,10761,431.2827186897731
762,10762,-285.90275415168344
763,10763,-461.12318506056334
764,10764,458.84116852029274
765,10765,-35.13247865793424
766,10766,-138.96677867278
767,10767,435.87811135413847
768,10768,-327.55173248124265
769,10769,-16.175842225601617
770,10770,32.68738315097177
771,10771,-143.11036093613396
772,10772,-82.91163796819357
773,10773,-26.395849579089088
774,10774,-295.9065424837691
775,10775,-300.94455130927713
776,10776,-157.0374617605635
777,10777,-444.1054251705679
778,10778,55.542959233744064
779,10779,136.09573343373907
780,10780,-59.934234414137826
781,10781,774.7869393558548
782,10782,-291.8214694025424
783,10783,449.654513358052
784,10784,-231.20082491305263
785,10785,88.18058840405132
786,10786,511.6823816159449
787,10787,27.698913991854354
788,10788,69.71900343078553
789,10789,-684.0304286748199
790,10790,-181.1657541891072
791,10791,-592.2856835316268
792,10792,-326.37230449136825
793,10793,527.5739554313373
794,10794,-175.98223228892527
795,10795,555.3273243262502
796,10796,-40.06219256947691
797,10797,-242.9096118442566
798,10798,466.4750098322095
799,10799,209.72657821779862
800,10800,112.47399028633812
801,10801,655.9597092112734
802,10802,-253.67288201365338
803,10803,-143.1400643690268
804,10804,261.90903344912533
805,10805,-51.43052462098907
806,10806,-646.5343714931213
807,10807,-114.11730645512857
808,10808,126.14931118008035
809,10809,204.5934628589952
810,10810,-300.3936136583134
811,10811,-415.68674588953934
812,10812,6.4491528842814345
813,10813,72.80107777482873
814,10814,160.66087208145223
815,10815,249.31168929181712
816,10816,-248.2853452465634
817,10817,7.830629922612884
818,10818,-466.3838270166592
819,10819,290.1514440446006
820,10820,-309.03320656333983
821,10821,528.6916611956269
822,10822,372.49384793225397
823,10823,-328.0862663096857
824,10824,-94.65873407725125
825,10825,55.56919414045713
826,10826,67.3438241903169
827,10827,-533.6683812491309
828,10828,-128.1086335034482
829,10829,-542.9948584464189
830,10830,54.63463967258043
831,10831,182.66043483267902
832,10832,-41.29948573089098
833,10833,652.8127633917359
834,10834,-336.96578073788856
835,10835,99.96282019773756
836,10836,811.790016336707
837,10837,-346.25211606529956
838,10838,103.69087960098399
839,10839,487.7360812633326
840,10840,120.8956910139913
841,10841,-324.3296740543691
842,10842,-136.41212971214745
843,10843,-41.92443003097664
844,10844,282.7029865802336
845,10845,345.62032897020487
846,10846,124.6979853475236
847,10847,-206.11335283373404
848,10848,155.93998583214082
849,10849,-443.767229943385
850,10850,-273.3430034005966
851,10851,195.95033081854586
852,10852,-30.690040851399644
853,10853,86.56778659815397
854,10854,-312.2113618894966
855,10855,41.005246961457736
856,10856,307.6751801999478
857,10857,532.905949421405
858,10858,260.16168056338057
859,10859,362.00550753373676
860,10860,101.3289812019675
861,10861,38.4412961398941
862,10862,20.26767475390302
863,10863,117.44024988074575
864,10864,573.6911827078559
865,10865,-507.592058514501
866,10866,-211.7696267104567
867,10867,-78.39989740428189
868,10868,-319.5737676595736
869,10869,-267.4465644183343
870,10870,-780.8570319676236
871,10871,50.229980556443856
872,10872,-298.5490108171669
873,10873,23.39238652311761
874,10874,-76.29059741014778
875,10875,-257.59747046425446
876,10876,171.56436509796615
877,10877,-121.60078316248996
878,10878,-451.37377685543044
879,10879,81.13533884268293
880,10880,-212.5524931714262
881,10881,-3.534927229095281
882,10882,-408.2554810001855
883,10883,-158.6513319446578
884,10884,238.3983420161309
885,10885,-133.03572327369696
886,10886,-266.0840826060644
887,10887,247.7427043819474
888,10888,347.96654428323734
889,10889,-511.31524281086695
890,10890,21.815871215019186
891,10891,-163.84140964229059
892,10892,-472.5608363970479
893,10893,-365.00826715123503
894,10894,272.4371379322397
895,10895,92.37376374891542
896,10896,491.8081456846511
897,10897,-200.0360581358088
898,10898,144.31490824987483
899,10899,-554.3580524199996
900,10900,-449.3575578941581
901,10901,565.0154801799597
902,10902,446.31875807462126
903,10903,309.6973881874126
904,10904,282.92794140775084
905,10905,176.19762818996784
906,10906,-315.14185176038114
907,10907,612.3377931152974
908,10908,274.2522312477312
909,10909,-19.436173058564805
910,10910,404.6254477705245
911,10911,47.26648142698522
912,10912,101.89624080960495
913,10913,98.14809562777852
914,10914,-231.35258244372253
915,10915,136.33612319164243
916,10916,-150.31005926794927
917,10917,461.1995499787884
918,10918,145.69015888427307
919,10919,-405.8237418755585
920,10920,-405.5525658750968
921,10921,213.67394365056103
922,10922,-204.80364027314377
923,10923,-118.57063791050793
924,10924,675.2302648290721
925,10925,145.16198786853425
926,10926,489.68700201996205
927,10927,-173.76557459369323
928,10928,89.691684652837
929,10929,239.01179154230988
930,10930,-68.18000068660152
931,10931,93.66677561513286
932,10932,-196.5530172200865
933,10933,-711.7534447200935
934,10934,-104.15023991148931
935,10935,55.730039501229506
936,10936,74.24035058478627
937,10937,625.7495908769047
938,10938,234.98688486875395
939,10939,221.5929479387567
940,10940,61.93159175679459
941,10941,239.73644833443657
942,10942,-21.338081818318173
943,10943,180.1647362970914
944,10944,14.918627995498277
945,10945,-374.86568834825084
946,10946,-397.5149288584036
947,10947,114.66690843216159
948,10948,-269.61622879894264
949,10949,0.13921221449120869
950,10950,-34.594846760693414
951,10951,72.7340212266809
952,10952,-188.80556313903824
953,10953,-365.53367192345394
954,10954,-67.59552255426743
955,10955,19.50117013917905
956,10956,212.7825901382335
957,10957,170.722846882632
958,10958,48.75605588201901
959,10959,-239.44652279164657
960,10960,409.7382051551795
961,10961,399.8680056503096
962,10962,18.69310045997636
963,10963,165.76697195984357
964,10964,-124.38945349671056
965,10965,54.994523212786575
966,10966,640.4320745648687
967,10967,7.578792735554825
968,10968,-265.04763041001104
969,10969,1.6927330910939244
970,10970,18.517133621267895
971,10971,-248.85163930169273
972,10972,106.86193154650843
973,10973,251.6391431209097
974,10974,133.8377395364069
975,10975,-358.26696137693114
976,10976,426.2614473176412
977,10977,71.97842246974062
978,10978,-322.0875596252202
979,10979,438.84026750159376
980,10980,-40.13211449134111
981,10981,283.80356865292566
982,10982,-487.906195332585
983,10983,-86.9330282521487
984,10984,-470.85015109169075
985,10985,73.146482773152
986,10986,-688.3900989407996
987,10987,392.4785675660407
988,10988,-328.631037495538
989,10989,149.3916006346922
990,10990,321.7931147606058
991,10991,584.393087045063
992,10992,206.7572957002487
993,10993,36.548225997008046
994,10994,-37.778285211188134
995,10995,-551.0517094651365
996,10996,-107.85120387757031
997,10997,-176.80602795353093
998,10998,-356.8894911731826
999,10999,418.41458411247817
1000,11000,-26.13349601698174
1001,11001,-213.9095136280308
1002,11002,246.57978881987702
1003,11003,-32.011024949712485
1004,11004,-126.732588495826
1005,11005,26.914491557619726
1006,11006,198.9219737629521
1007,11007,-18.843554414707214
1008,11008,-119.51484607642335
1009,11009,-389.90376053107406
1010,11010,-149.50928607147932
1011,11011,-308.96203021469444
1012,11012,-478.7771604137529
1013,11013,-616.7291412522795
1014,11014,-25.8908296113846
1015,11015,-133.1765903168638
1016,11016,-633.0587252293211
1017,11017,-32.26329474560775
1018,11018,28.795819581694523
1019,11019,-290.00132364066104
1020,11020,-168.02496539200106
1021,11021,-173.84102001973966
1022,11022,107.27955415166356
1023,11023,278.3287852070004
1024,11024,164.7366518159128
1025,11025,596.7860199506158
1026,11026,737.7802177171233
1027,11027,-57.04439870388752
1028,11028,-20.381913027885197
1029,11029,193.1114083002466
1030,11030,150.95242220368172
1031,11031,-340.87792585586664
1032,11032,207.5565702465377
1033,11033,-27.674726125892324
1034,11034,-146.95165736571226
1035,11035,-121.88066829612677
1036,11036,144.47950532989051
1037,11037,333.2095316788966
1038,11038,-452.51312096804577
1039,11039,-208.53684674422314
1040,11040,265.8449475236096
1041,11041,-86.19645950050091
1042,11042,-456.0106179223628
1043,11043,-377.7300472014271
1044,11044,277.5566889704536
1045,11045,-98.28816556864436
1046,11046,-258.67741823285064
1047,11047,508.5130216465909
1048,11048,-27.829466767414573
1049,11049,-397.83822522418797
1050,11050,27.294231548042223
1051,11051,55.46090696291295
1052,11052,86.52443961502748
1053,11053,-417.71826706416743
1054,11054,265.07469217437006
1055,11055,126.49537980057355
1056,11056,-731.2337998933433
1057,11057,26.76852907043177
1058,11058,15.172424965473343
1059,11059,603.1491770539614
1060,11060,-68.51036908576054
1061,11061,-630.158849738926
1062,11062,391.43989504517083
1063,11063,191.26739771271298
1064,11064,-82.79915889804532
1065,11065,874.279835571682
1066,11066,130.10220965607917
1067,11067,24.825257629839285
1068,11068,10.015684555530047
1069,11069,407.5535519509847
1070,11070,184.93372244983684
1071,11071,699.4013403550848
1072,11072,12.874182171249462
1073,11073,-569.7950312054743
1074,11074,-60.6182675302719
1075,11075,-96.58944292586055
1076,11076,19.660708357384156
1077,11077,30.225969050066066
1078,11078,-107.0685821483567
1079,11079,-23.448153023308695
1080,11080,-16.56348975511259
1081,11081,18.767317998587476
1082,11082,145.9503818222064
1083,11083,-428.1027566009213
1084,11084,-158.1747761103724
1085,11085,-44.37808089678795
1086,11086,-411.29977054483027
1087,11087,218.4210180820249
1088,11088,141.2453078447525
1089,11089,316.6347559705909
1090,11090,93.68023982535534
1091,11091,154.16405402565516
1092,11092,-132.92025023591034
1093,11093,-293.8735713953074
1094,11094,485.30634558787534
1095,11095,-271.2294815068552
1096,11096,373.3831471784334
1097,11097,-359.6695987563285
1098,11098,-459.99230445069526
1099,11099,209.05369852328243
1100,11100,46.74008351487686
1101,11101,-767.8965435991785
1102,11102,-153.969466825706
1103,11103,-66.68289246156873
1104,11104,-15.94403508088696
1105,11105,16.075984344999902
1106,11106,157.03893670157376
1107,11107,585.657863559291
1108,11108,-259.63810597939255
1109,11109,264.4864666930857
1110,11110,171.55865069952776
1111,11111,182.06572554508512
1112,11112,-336.883373360892
1113,11113,-403.2385387031527
1114,11114,114.57772510795473
1115,11115,161.83644349638965
1116,11116,-628.0447010001051
1117,11117,242.01175305538763
1118,11118,362.86303611765345
1119,11119,60.71370640424449
1120,11120,-359.31123121325874
1121,11121,-379.08187950572636
1122,11122,237.83778494978824
1123,11123,-293.4175091399252
1124,11124,-397.45137920298214
1125,11125,159.58885605132542
1126,11126,365.03747521359566
1127,11127,-720.612846489736
1128,11128,500.16486577148373
1129,11129,-11.265810006163123
1130,11130,-69.35501502523758
1131,11131,250.8656215596783
1132,11132,-169.3067854080243
1133,11133,120.43720692692658
1134,11134,-39.95315782539318
1135,11135,-520.8790659997449
1136,11136,-631.1061053453728
1137,11137,-189.4512872458673
1138,11138,73.57078736644328
1139,11139,39.63813193628208
1140,11140,-459.8374387751045
1141,11141,4.029071723496917
1142,11142,-197.44889965681682
1143,11143,62.38974256914653
1144,11144,-186.44535236927146
1145,11145,-133.60822019560203
1146,11146,305.02297895286426
1147,11147,-46.02246759214694
1148,11148,-42.28147598500822
1149,11149,-174.61342313978162
1150,11150,-221.81742427816624
1151,11151,-177.58255371476673
1152,11152,-1.6457791602116634
1153,11153,92.19561472892765
1154,11154,380.636643348124
1155,11155,5.176285533507949
1156,11156,-43.264137860359625
1157,11157,138.56909768313307
1158,11158,-644.2373399718057
1159,11159,-264.05264854098147
1160,11160,388.07711133595296
1161,11161,-314.57550396753186
1162,11162,68.59577885369808
1163,11163,313.90250595867036
1164,11164,-174.13638000550094
1165,11165,75.24506091716667
1166,11166,-48.30049653479086
1167,11167,366.328134930542
1168,11168,-300.9531752245194
1169,11169,52.29547497280689
1170,11170,199.76450852884594
1171,11171,-291.4521388811775
1172,11172,-221.2552571419516
1173,11173,-347.6337366501136
1174,11174,-203.1697372256598
1175,11175,-377.9229754446036
1176,11176,-39.05990123872112
1177,11177,-27.657708986923225
1178,11178,-4.840069011083175
1179,11179,387.69317018167055
1180,11180,173.07521100861524
1181,11181,932.2704016789719
1182,11182,-79.75948934966455
1183,11183,140.83197737225032
1184,11184,39.684029858127886
1185,11185,443.5242080443134
1186,11186,342.3599487202392
1187,11187,-137.85795258406347
1188,11188,596.3305304911725
1189,11189,207.64692642350778
1190,11190,-628.7444696897278
1191,11191,498.51770649884395
1192,11192,-157.9392487400487
1193,11193,351.10783976574214
1194,11194,21.71133353560046
1195,11195,-147.85882005549385
1196,11196,204.57246274928096
1197,11197,29.474618249412767
1198,11198,121.43392964124419
1199,11199,-565.6199353865665
1200,11200,-229.61058695852745
1201,11201,-46.804477108741374
1202,11202,686.9993413504826
1203,11203,-439.37600813835616
1204,11204,-564.3067809262275
1205,11205,-449.4452387206123
1206,11206,-187.01337557795372
1207,11207,63.71447075230676
1208,11208,226.53217961129002
1209,11209,-238.26195886607485
1210,11210,8.031752667966442
1211,11211,-360.68869418514646
1212,11212,-123.99311613868662
1213,11213,-388.8646194630039
1214,11214,21.02586263144645
1215,11215,-301.501871256304
1216,11216,215.8774083128962
1217,11217,403.51021004980043
1218,11218,435.69760335692666
1219,11219,-107.10092088372197
1220,11220,186.04692078373668
1221,11221,347.56948473980606
1222,11222,258.81395911530495
1223,11223,-431.37566148179366
1224,11224,-169.35938198101957
1225,11225,106.38668004303906
1226,11226,11.406343347779265
1227,11227,362.59620402956443
1228,11228,-602.207354091147
1229,11229,707.5559184457948
1230,11230,202.1749187820551
1231,11231,-50.33711976765672
1232,11232,-170.3294234532491
1233,11233,-33.3113709039494
1234,11234,194.42983492011612
1235,11235,-358.5893509674069
1236,11236,-212.2653532691774
1237,11237,-291.4211038222636
1238,11238,295.55761894971215
1239,11239,-278.973387273084
1240,11240,23.65365330010983
1241,11241,-64.46361090683932
1242,11242,-550.5130672413401
1243,11243,541.3432697524748
1244,11244,95.06333041131037
1245,11245,14.59820737463275
1246,11246,108.60883519127054
1247,11247,-390.9747091142428
1248,11248,358.6664196609008
1249,11249,-656.7373713546333
1250,11250,39.621704040649846
1251,11251,-112.10781397641786
1252,11252,-3.9966181836044608
1253,11253,-399.34877852946784
1254,11254,-189.94215830266756
1255,11255,25.705003254618262
1256,11256,-514.3423090508956
1257,11257,42.90338899647224
1258,11258,-18.932652421566175
1259,11259,-109.32309649965708
1260,11260,-32.89909171394724
1261,11261,-543.8120026538538
1262,11262,402.3710870309698
1263,11263,36.24431537942788
1264,11264,228.30407580009404
1265,11265,346.38302227713683
1266,11266,-401.2227069906849
1267,11267,54.057197731365044
1268,11268,6.862233348084115
1269,11269,-3.8120805658919883
1270,11270,-445.45149197388776
1271,11271,162.0875187432688
1272,11272,176.3675250138714
1273,11273,-516.971981928437
1274,11274,189.99316009348985
1275,11275,-164.45712796519368
1276,11276,174.20994712832774
1277,11277,-510.0297763148843
1278,11278,174.7848851098718
1279,11279,-352.746324327284
1280,11280,-145.46097708961648
1281,11281,456.9718611706616
1282,11282,-463.5148906726276
1283,11283,-363.58427640439356
1284,11284,-157.84808228490337
1285,11285,-195.3606096202621
1286,11286,152.04068775685576
1287,11287,-197.09226766881773
1288,11288,36.480965368719176
1289,11289,993.2248779784691
1290,11290,-387.0287931868158
1291,11291,-6.616510882803063
1292,11292,-272.06886088584116
1293,11293,-138.59954551011066
1294,11294,-105.03944861259981
1295,11295,-21.529524404723595
1296,11296,91.05719915022952
1297,11297,-65.7911971494721
1298,11298,164.47287710093673
1299,11299,-17.997827027464464
1300,11300,783.8866597139145
1301,11301,-339.2311247243126
1302,11302,-196.4845636178357
1303,11303,357.21849540968253
1304,11304,186.3106252115687
1305,11305,138.0941036840315
1306,11306,-11.632461477737548
1307,11307,175.8091637342034
1308,11308,-224.61734983236283
1309,11309,68.85579641186695
1310,11310,201.21113139003936
1311,11311,257.8711428771626
1312,11312,-432.8705595172985
1313,11313,-893.9998008184397
1314,11314,671.8650784658579
1315,11315,-143.37264919121816
1316,11316,622.2386586662823
1317,11317,179.3844262904719
1318,11318,553.7744088919061
1319,11319,133.39922116403847
1320,11320,-278.76344183166566
1321,11321,-316.6280409529845
1322,11322,503.41566288266654
1323,11323,282.6871359966569
1324,11324,-192.3497907541517
1325,11325,-266.50621593517377
1326,11326,28.442092691971943
1327,11327,-502.81066448893506
1328,11328,-284.89716781774007
1329,11329,334.3253961027041
1330,11330,131.85559421631254
1331,11331,-163.06900527506713
1332,11332,207.69781044505265
1333,11333,84.53775535541736
1334,11334,26.259629066102825
1335,11335,-255.92213730636678
1336,11336,51.28290274248188
1337,11337,-102.04962146231158
1338,11338,160.4343041062871
1339,11339,285.39335595630894
1340,11340,-58.84096452168177
1341,11341,103.10534910665983
1342,11342,-294.31129301873364
1343,11343,376.9074907782756
1344,11344,69.80186693396892
1345,11345,866.0001885226102
1346,11346,-39.37289658053939
1347,11347,64.61420289331782
1348,11348,-169.65603416906706
1349,11349,-545.1873976319999
1350,11350,-61.769636847537335
1351,11351,-497.3202845338076
1352,11352,462.29111052928806
1353,11353,-153.26914250955565
1354,11354,-206.0069414591032
1355,11355,-139.67967903899955
1356,11356,-86.3160350000839
1357,11357,589.4439429065602
1358,11358,213.39162365467186
1359,11359,160.84269205249794
1360,11360,189.14311879095436
1361,11361,-353.6233316812032
1362,11362,-195.46146888135104
1363,11363,-130.97048784757072
1364,11364,-411.8978482107088
1365,11365,339.53611096103714
1366,11366,278.70802857875657
1367,11367,262.53933089099695
1368,11368,-182.3152473785594
1369,11369,312.59253988430703
1370,11370,292.5069660284914
1371,11371,-191.39812913021498
1372,11372,97.19896589042851
1373,11373,-323.0624519693487
1374,11374,-641.6335236830921
1375,11375,34.40431778594136
1376,11376,332.6146395449394
1377,11377,374.3942908011451
1378,11378,79.74057443698256
1379,11379,-175.664541480117
1380,11380,161.84977999054547
1381,11381,247.70962726908007
1382,11382,90.73858219235949
1383,11383,406.91954278272647
1384,11384,-128.29338404491506
1385,11385,131.2733075553555
1386,11386,729.309441627625
1387,11387,721.9516507762634
1388,11388,-177.94000063372465
1389,11389,709.5229020169679
1390,11390,68.44182794627629
1391,11391,-488.0481067137039
1392,11392,152.74593914617645
1393,11393,-239.25028478333488
1394,11394,-147.28095714479556
1395,11395,-45.2083185756461
1396,11396,-222.12449344542725
1397,11397,-332.6152838819185
1398,11398,-119.3673758230041
1399,11399,411.59761537416585
1400,11400,165.38288375399054
1401,11401,488.2754656867203
1402,11402,224.14489930098847
1403,11403,57.12319327873906
1404,11404,264.66502019787305
1405,11405,-126.75098294470833
1406,11406,-376.206020594009
1407,11407,48.79137391778432
1408,11408,420.1980640051413
1409,11409,-415.55963971310814
1410,11410,-45.07267871498896
1411,11411,-169.48557453543228
1412,11412,744.9633226613819
1413,11413,-534.1845713199496
1414,11414,-151.0311280910087
1415,11415,577.9358654693666
1416,11416,46.726387390608494
1417,11417,311.5540818056223
1418,11418,357.3063765881049
1419,11419,265.4127384398411
1420,11420,-253.59736902535073
1421,11421,-473.8813440500306
1422,11422,12.688444605876635
1423,11423,-132.5642669004884
1424,11424,72.47381920347635
1425,11425,217.43580522922323
1426,11426,-335.77852011220733
1427,11427,-262.2046244768534
1428,11428,95.51698320910212
1429,11429,-209.18192024536012
1430,11430,456.63567349234285
1431,11431,308.430560197466
1432,11432,-28.853731125681374
1433,11433,-358.5178471510809
1434,11434,128.3117267744266
1435,11435,145.62472438146025
1436,11436,95.66700803418482
1437,11437,268.28354091308154
1438,11438,-466.9244162464641
1439,11439,-314.3209496912706
1440,11440,344.7406648862776
1441,11441,220.7075581367111
1442,11442,-578.4755239012403
1443,11443,174.80907811479426
1444,11444,399.9414839607331
1445,11445,732.6720966332521
1446,11446,667.3027303329159
1447,11447,-63.09651298272094
1448,11448,245.9065220289221
1449,11449,21.730193019489043
1450,11450,-248.65264042472637
1451,11451,-197.04075505173978
1452,11452,-282.0464722650829
1453,11453,-81.15238925755453
1454,11454,52.36536160378643
1455,11455,-2.257126778134328
1456,11456,-758.8756116063784
1457,11457,213.49145912249014
1458,11458,-169.2714782639763
1459,11459,184.72028865201264
1460,11460,256.56430497475213
1461,11461,-63.248897776519705
1462,11462,-272.7178718373251
1463,11463,135.79446347148954
1464,11464,455.78074339530565
1465,11465,-129.3563765217191
1466,11466,62.87337039221966
1467,11467,-386.85293789480426
1468,11468,267.2276588361108
1469,11469,287.24118692262766
1470,11470,-52.0997286525849
1471,11471,76.40695664839127
1472,11472,-138.1621508973809
1473,11473,203.55614864230512
1474,11474,15.488711020265825
1475,11475,-5.968082516968543
1476,11476,-31.644142590968848
1477,11477,221.5663023069262
1478,11478,-687.0023182063175
1479,11479,483.78422314354077
1480,11480,958.0223790880727
1481,11481,191.59606092931148
1482,11482,-58.58970557453545
1483,11483,259.46230620404367
1484,11484,-6.3167575619116505
1485,11485,-270.2884690000889
1486,11486,-772.4642296251158
1487,11487,-146.46331926199855
1488,11488,-37.78146099301549
1489,11489,331.55195758225017
1490,11490,570.4745741117805
1491,11491,-182.59989627575155
1492,11492,-356.0940866069389
1493,11493,84.1429512103642
1494,11494,-115.7266417991659
1495,11495,431.89838199541015
1496,11496,-39.027608360855275
1497,11497,28.163383062947997
1498,11498,-54.06385343329336
1499,11499,-259.9655378401634
1500,11500,157.69687820480823
1501,11501,-451.57353618095374
1502,11502,482.55650486877505
1503,11503,242.55694520910038
1504,11504,-588.1137438098017
1505,11505,81.01709689599402
1506,11506,325.40673944403085
1507,11507,-22.05223515065578
1508,11508,-296.278504197331
1509,11509,299.051913586139
1510,11510,468.2699312239481
1511,11511,-99.60746951487843
1512,11512,5.2780854471668075
1513,11513,-101.94715017070912
1514,11514,172.81543496339023
1515,11515,-676.7207529529069
1516,11516,-85.33458519818727
1517,11517,117.54369571648151
1518,11518,-83.62878738830543
1519,11519,179.75562770163418
1520,11520,-83.35296347452768
1521,11521,-21.419178952216704
1522,11522,292.1247462432762
1523,11523,-100.16396087765172
1524,11524,-295.4450782425565
1525,11525,-196.19961546096332
1526,11526,-90.40349798566064
1527,11527,-58.11412409491323
1528,11528,-400.3793446976447
1529,11529,236.32717532971466
1530,11530,-312.0048905394505
1531,11531,448.89904737276447
1532,11532,202.73550507695325
1533,11533,94.92875456289585
1534,11534,60.24730791751046
1535,11535,-149.43663249088397
1536,11536,406.7833814658016
1537,11537,600.8120265364317
1538,11538,-23.263559460762192
1539,11539,-565.3127069056471
1540,11540,156.44069172561183
1541,11541,648.6215466239544
1542,11542,405.7197964687426
1543,11543,261.8058313693004
1544,11544,22.356083935016027
1545,11545,238.41247473228876
1546,11546,164.56802375270215
1547,11547,-83.34674114858234
1548,11548,209.77491982449442
1549,11549,-198.9743774153075
1550,11550,-78.73473210337445
1551,11551,27.73248810192449
1552,11552,450.31679507491
1553,11553,-78.315205580051
1554,11554,-267.6389063338015
1555,11555,348.33187445465774
1556,11556,-404.45503917406796
1557,11557,330.0959394936927
1558,11558,-532.9705587435966
1559,11559,530.1667228330988
1560,11560,-741.0568046410538
1561,11561,478.64952344734047
1562,11562,164.6318792135604
1563,11563,-449.7107531471191
1564,11564,-412.1148110783403
1565,11565,219.1277390751061
1566,11566,-378.6893095030049
1567,11567,368.7333880545342
1568,11568,37.33842695846885
1569,11569,396.4934950040533
1570,11570,-29.32979471853518
1571,11571,35.4752518390907
1572,11572,-267.2910755568138
1573,11573,-417.34657979130986
1574,11574,-250.3010652766375
1575,11575,-228.95720009218704
1576,11576,692.2513473375056
1577,11577,-411.1573720657526
1578,11578,482.3211788825001
1579,11579,109.40386922308706
1580,11580,547.620581513899
1581,11581,179.88426508469274
1582,11582,-521.579310189512
1583,11583,-0.5366722202068351
1584,11584,-1.3108832742806633
1585,11585,-248.05083145629604
1586,11586,-243.06806182013185
1587,11587,199.5673007517016
1588,11588,381.3240432569331
1589,11589,-393.16880388739696
1590,11590,138.23245276134827
1591,11591,34.24105569798852
1592,11592,-4.629154614117931
1593,11593,-151.8619312819584
1594,11594,335.54637222708925
1595,11595,-93.14529808270524
1596,11596,507.75321866389567
1597,11597,-355.46562053382166
1598,11598,143.08978438160875
1599,11599,137.94688403626924
1600,11600,-151.0460060438969
1601,11601,-19.601773692468715
1602,11602,105.84882713406145
1603,11603,-172.78518998126557
1604,11604,482.127263709998
1605,11605,-267.53917413325536
1606,11606,39.90555578613044
1607,11607,-52.855796531074226
1608,11608,-21.22244673120932
1609,11609,155.37989346108452
1610,11610,-96.06927783501607
1611,11611,-163.17530409699665
1612,11612,-180.36573977355073
1613,11613,-264.67843452360023
1614,11614,171.42795164643704
1615,11615,-11.457713362941913
1616,11616,239.99734190689594
1617,11617,-39.84995383841637
1618,11618,-211.74160655795768
1619,11619,-354.1693561735653
1620,11620,72.47946295208956
1621,11621,306.8202044401934
1622,11622,10.71023847916246
1623,11623,-367.9516429972727
1624,11624,280.99867828489937
1625,11625,607.1342789952016
1626,11626,226.0786669570698
1627,11627,565.9296380146839
1628,11628,-147.76747216989904
1629,11629,-314.03756027490505
1630,11630,-180.0455352520895
1631,11631,51.27097737987213
1632,11632,-118.81984221413401
1633,11633,-258.260621942747
1634,11634,-229.83713020204382
1635,11635,200.36475862315245
1636,11636,-348.0714175640101
1637,11637,-584.8608659725452
1638,11638,-4.92987683102585
1639,11639,-163.4422148166992
1640,11640,87.02751929856953
1641,11641,41.56663504345337
1642,11642,-494.8904637770148
1643,11643,-60.8877112029756
1644,11644,-173.55136971975128
1645,11645,181.26452118021248
1646,11646,-51.32570908677071
1647,11647,43.95099730518202
1648,11648,-517.9818134858788
1649,11649,-355.55266690328506
1650,11650,272.40216687734153
1651,11651,490.6303834469722
1652,11652,-37.23470686782147
1653,11653,100.19178117715981
1654,11654,32.26474311667014
1655,11655,342.3839958945963
1656,11656,-274.38399640567
1657,11657,-461.59948018183655
1658,11658,399.11781881563144
1659,11659,59.94166241926645
1660,11660,-119.02693796298047
1661,11661,-281.7090515974905
1662,11662,-127.62868444831818
1663,11663,-556.5819101778254
1664,11664,-79.37923441221893
1665,11665,-84.28398755174999
1666,11666,-212.85815433361935
1667,11667,72.29858467981289
1668,11668,-416.4589989203816
1669,11669,-151.39277066781804
1670,11670,-112.9432574665686
1671,11671,-386.99760536798254
1672,11672,553.3497133654171
1673,11673,-80.93783458087118
1674,11674,265.6051645120161
1675,11675,498.06450504154634
1676,11676,447.8834076769255
1677,11677,-162.95338863409006
1678,11678,121.20351520652018
1679,11679,106.02342845843205
1680,11680,340.50635541497286
1681,11681,4.314416762781381
1682,11682,-92.64783669165436
1683,11683,-354.1295771288347
1684,11684,214.00747653242485
1685,11685,-345.6914287422605
1686,11686,-271.80220862911614
1687,11687,426.30907737815335
1688,11688,-37.75750717052085
1689,11689,-180.4634572378348
1690,11690,-97.58231078807243
1691,11691,347.8223132335266
1692,11692,-237.013090803977
1693,11693,118.12311870118745
1694,11694,681.4766679385011
1695,11695,275.66334489092793
1696,11696,185.1648163995732
1697,11697,-13.159363367315905
1698,11698,274.07224748719017
1699,11699,178.7610296558836
1700,11700,-178.980395161406
1701,11701,391.84251758648446
1702,11702,-308.94994109698
1703,11703,-324.83621594838905
1704,11704,262.0871357430683
1705,11705,398.5210640940403
1706,11706,-368.25488043296116
1707,11707,-181.1825114378503
1708,11708,-166.41347208747473
1709,11709,68.9875525872532
1710,11710,-249.49012878431435
1711,11711,443.6033748432899
1712,11712,13.650459883849848
1713,11713,-212.53037852371824
1714,11714,-27.915418712236026
1715,11715,-240.79982184571045
1716,11716,-142.883091447937
1717,11717,-285.8343043909051
1718,11718,460.6316686800933
1719,11719,-225.10788029950643
1720,11720,97.82651932861953
1721,11721,350.5872568742841
1722,11722,378.82385166848786
1723,11723,-3.8848455252717247
1724,11724,-260.94828856683733
1725,11725,-64.5615861738173
1726,11726,-270.6032841666919
1727,11727,-569.4207476943709
1728,11728,142.46838399487956
1729,11729,228.15231792746724
1730,11730,170.90589405270794
1731,11731,-88.7330059811675
1732,11732,179.58514596852982
1733,11733,176.78682556049347
1734,11734,-56.27057434823907
1735,11735,-185.87258729682623
1736,11736,100.44658731097019
1737,11737,-63.662179545585
1738,11738,623.2061139971228
1739,11739,-122.16898105378122
1740,11740,-216.57264126812473
1741,11741,-130.98097450073647
1742,11742,-293.82665858937656
1743,11743,167.9238436273003
1744,11744,9.259507593412787
1745,11745,-587.49569626033
1746,11746,304.7248094184761
1747,11747,251.46359511685293
1748,11748,-304.0609677452425
1749,11749,108.04336957546015
1750,11750,-218.6718997979021
1751,11751,-105.13018388543605
1752,11752,121.35633108715703
1753,11753,-302.96404134850053
1754,11754,529.661639928588
1755,11755,-224.55011115095357
1756,11756,688.8598020995777
1757,11757,121.62140840748278
1758,11758,495.86330963739914
1759,11759,-104.89700800321265
1760,11760,-39.403692827712504
1761,11761,-218.4339384089346
1762,11762,-242.07542923760363
1763,11763,328.46917366165064
1764,11764,-121.5706232243741
1765,11765,-351.96132723645616
1766,11766,235.8965433600896
1767,11767,211.84331613383597
1768,11768,581.9859083831251
1769,11769,-187.81685176717664
1770,11770,-88.20353056281306
1771,11771,-121.26318282161405
1772,11772,-682.3449315356833
1773,11773,-61.455993571582006
1774,11774,69.00904133898304
1775,11775,132.89487284698967
1776,11776,41.64682074346309
1777,11777,-513.1698248834676
1778,11778,216.74344092334744
1779,11779,-533.8087878872973
1780,11780,-467.10306503157204
1781,11781,39.693989655146446
1782,11782,178.84483759017874
1783,11783,-255.91268436083143
1784,11784,468.690972012937
1785,11785,-959.1458675174448
1786,11786,201.8625119158861
1787,11787,-282.56870707573813
1788,11788,-392.434951566604
1789,11789,-219.68775779803585
1790,11790,169.59302266781228
1791,11791,-21.895665769337157
1792,11792,-242.2799222872571
1793,11793,35.58886075134667
1794,11794,336.4403335300438
1795,11795,-63.331520330006214
1796,11796,-4.44604827378687
1797,11797,-312.3153657145604
1798,11798,14.581415571942687
1799,11799,-258.2235127345505
1800,11800,725.8387913302839
1801,11801,-303.8280646204011
1802,11802,-726.1845220640307
1803,11803,93.42268369441335
1804,11804,92.7979825837217
1805,11805,342.41232925067277
1806,11806,856.1825394344157
1807,11807,-54.88314706218255
1808,11808,-213.13720641425485
1809,11809,-365.08354888494824
1810,11810,-733.4819620034945
1811,11811,-206.05838193577927
1812,11812,-418.2722352600784
1813,11813,358.8044694709528
1814,11814,-260.6223453246687
1815,11815,546.2345722587838
1816,11816,187.44948665602965
1817,11817,-22.033982900795493
1818,11818,88.73051702341405
1819,11819,-243.13847978487786
1820,11820,-41.37966627895595
1821,11821,-543.62402412009
1822,11822,840.8060354669688
1823,11823,402.8242218186645
1824,11824,79.42070559550102
1825,11825,473.38979426396475
1826,11826,-57.64549004681667
1827,11827,210.11286727244246
1828,11828,-185.75745290109992
1829,11829,22.76913800358552
1830,11830,940.7468340773517
1831,11831,-442.70666780215527
1832,11832,-475.2447822521928
1833,11833,-339.9942839816205
1834,11834,541.6463647301904
1835,11835,333.4990795646742
1836,11836,-765.4962533792758
1837,11837,91.19318918087161
1838,11838,164.45073228966305
1839,11839,274.612833122739
1840,11840,263.18825389803783
1841,11841,303.6223346767646
1842,11842,-92.18952553795664
1843,11843,208.97371337568313
1844,11844,-170.0341905096158
1845,11845,41.5581963580469
1846,11846,-670.8313651099272
1847,11847,452.6593777040691
1848,11848,741.8102612544461
1849,11849,420.55241150407363
1850,11850,400.35300244817813
1851,11851,-181.642395755642
1852,11852,162.0463584020051
1853,11853,2.7480936093338335
1854,11854,534.69064463343
1855,11855,145.0593687435128
1856,11856,245.63977352375224
1857,11857,192.7063366360497
1858,11858,486.57398637164727
1859,11859,525.2699999852709
1860,11860,172.00159142779123
1861,11861,342.5619147140177
1862,11862,-338.4488098951218
1863,11863,99.97133504380334
1864,11864,-176.90171781690262
1865,11865,316.42601020393306
1866,11866,-637.4632411206283
1867,11867,74.53335736390184
1868,11868,-319.6093541834507
1869,11869,-234.07357196963355
1870,11870,238.83176324556283
1871,11871,684.2995158543802
1872,11872,-273.3939469063444
1873,11873,229.4938738284956
1874,11874,-191.42805181835257
1875,11875,591.7365509012388
1876,11876,-357.7170769578674
1877,11877,279.34920279935335
1878,11878,16.38534698237446
1879,11879,1015.2321071191623
1880,11880,-44.24764867011644
1881,11881,-259.1203848495994
1882,11882,6.686312571179979
1883,11883,113.41765950025396
1884,11884,164.36906042910522
1885,11885,-219.79091064314528
1886,11886,-50.91215016522554
1887,11887,234.69378482921348
1888,11888,-225.74604715601268
1889,11889,-124.56806112022903
1890,11890,89.33080634586116
1891,11891,-24.03982232115396
1892,11892,949.8138509171474
1893,11893,21.68529324294787
1894,11894,-333.06691562171096
1895,11895,51.63526677112737
1896,11896,-328.7470589180691
1897,11897,-622.2335618237702
1898,11898,-406.825723267367
1899,11899,-126.3808381615702
1900,11900,-298.3568340444086
1901,11901,-494.6324027328498
1902,11902,579.022340758398
1903,11903,170.424895122382
1904,11904,160.4512727890136
1905,11905,-127.53245750920925
1906,11906,116.51260749164146
1907,11907,137.24483689523262
1908,11908,-1.2351263056272683
1909,11909,613.2508183966263
1910,11910,435.23448086059415
1911,11911,160.38696710023342
1912,11912,-185.47388977035047
1913,11913,188.64065599401096
1914,11914,-610.5603513173606
1915,11915,23.71465718639934
1916,11916,-97.9046914045954
1917,11917,-120.6134540859718
1918,11918,353.07871733578753
1919,11919,-18.442887505295314
1920,11920,-120.28546893417432
1921,11921,15.392910103857698
1922,11922,185.8069680477446
1923,11923,845.6527630055805
1924,11924,349.4593287705581
1925,11925,45.89263723696641
1926,11926,-7.237928751002665
1927,11927,-164.71617083395998
1928,11928,107.29963692985878
1929,11929,-99.6000997811487
1930,11930,48.61636926930394
1931,11931,41.19970604370605
1932,11932,661.6732170958669
1933,11933,305.9589879497781
1934,11934,500.4110755868317
1935,11935,-231.16099217574413
1936,11936,334.177732499319
1937,11937,-326.4023426632567
1938,11938,-574.180619583804
1939,11939,148.54087270945155
1940,11940,613.9878825912874
1941,11941,184.52036741988434
1942,11942,-216.10046725875554
1943,11943,-616.0735283229865
1944,11944,127.46984067427107
1945,11945,-96.88155439275006
1946,11946,-167.71203784394436
1947,11947,-349.9469948861926
1948,11948,6.614867126927766
1949,11949,543.2797064068861
1950,11950,-362.7810314683382
1951,11951,-330.05741949466494
1952,11952,347.0145487363173
1953,11953,526.430773293447
1954,11954,-69.3425203045695
1955,11955,368.0894293247754
1956,11956,381.7237196417385
1957,11957,345.85284032808397
1958,11958,-204.6898131886208
1959,11959,157.8972183189644
1960,11960,-967.3833642179109
1961,11961,527.9548197579916
1962,11962,-338.84960578595457
1963,11963,609.1811386017552
1964,11964,381.1166205897985
1965,11965,-18.351583240230056
1966,11966,-92.2429183078314
1967,11967,-166.08686551614548
1968,11968,-173.939599458062
1969,11969,-221.13734204317583
1970,11970,-228.37612245128577
1971,11971,198.06160680945985
1972,11972,-713.0064769343034
1973,11973,-89.68186474183305
1974,11974,-480.00457016778086
1975,11975,-271.73339592270037
1976,11976,565.3236399366714
1977,11977,96.1114826323295
1978,11978,178.61335856961375
1979,11979,-61.174332454705585
1980,11980,-368.6916872400583
1981,11981,4.84774657817764
1982,11982,414.41382134440084
1983,11983,-760.318316793051
1984,11984,84.91271532686062
1985,11985,-251.84732552029004
1986,11986,280.70758458952014
1987,11987,-391.2502782510772
1988,11988,608.4991171703745
1989,11989,-27.80846060721184
1990,11990,-123.41411926925565
1991,11991,-130.82924419408286
1992,11992,18.5530688926017
1993,11993,-433.1653758772134
1994,11994,-303.70912611646474
1995,11995,464.71525498507873
1996,11996,496.4853344672781
1997,11997,-35.13540941579588
1998,11998,-131.67918453438688
1999,11999,417.26915462133394
